,auc,objective,metric,learning_rate,num_leaves,min_child_weight,feature_fraction,bagging_fraction,bagging_freq,max_depth,max_bin,lambda_l1,lambda_l2,min_data_in_bin,min_gain_to_split,min_data_in_leaf,is_unbalance
1,0.901257675,binary,auc,0.05,20,60,0.7,0.7,1,-1,50,0,1.33,30,0.001,30,TRUE
2,0.900991291,binary,auc,0.05,20,60,0.7,0.7,1,-1,50,0,1.33,30,0.1,30,TRUE
3,0.900519356,binary,auc,0.05,20,60,0.7,0.7,1,-1,50,5,1.33,30,0.001,30,TRUE
4,0.900519356,binary,auc,0.05,20,60,0.7,0.7,1,-1,50,5,1.33,30,0.1,30,TRUE
5,0.900345955,binary,auc,0.05,20,60,0.7,0.7,1,-1,50,0,0,30,0.001,30,TRUE
6,0.90015819,binary,auc,0.05,20,60,0.7,0.7,1,-1,50,0,3,30,0.1,30,TRUE
7,0.900018775,binary,auc,0.05,20,60,0.7,0.7,1,-1,50,0,0,30,0.1,30,TRUE
8,0.899955507,binary,auc,0.05,20,60,0.7,0.7,1,-1,50,5,0,30,0.1,30,TRUE
9,0.899945338,binary,auc,0.05,20,60,0.7,0.7,1,-1,50,5,3,30,0.001,30,TRUE
10,0.899945338,binary,auc,0.05,20,60,0.7,0.7,1,-1,50,5,3,30,0.1,30,TRUE
11,0.899933202,binary,auc,0.05,20,60,0.7,0.7,5,-1,50,5,0,30,0.1,30,TRUE
12,0.899931463,binary,auc,0.05,20,60,0.7,0.7,5,-1,50,5,0,30,0.001,30,TRUE
13,0.899921072,binary,auc,0.05,20,60,0.7,0.7,1,-1,50,0,3,30,0.001,30,TRUE
14,0.899897078,binary,auc,0.05,20,60,0.7,0.7,1,-1,50,5,0,30,0.001,30,TRUE
15,0.899659933,binary,auc,0.05,20,60,0.7,0.7,5,-1,50,5,3,30,0.001,30,TRUE
16,0.899617114,binary,auc,0.05,20,60,0.3,0.7,1,-1,50,0,1.33,30,0.1,30,TRUE
17,0.899613538,binary,auc,0.05,20,60,0.3,0.7,1,-1,50,5,3,30,0.1,30,TRUE
18,0.899595355,binary,auc,0.05,20,60,0.7,0.7,5,-1,50,0,0,30,0.1,30,TRUE
19,0.899526753,binary,auc,0.05,20,60,0.7,0.7,5,-1,50,5,3,30,0.1,30,TRUE
20,0.899435562,binary,auc,0.05,20,60,0.3,0.7,1,-1,50,0,1.33,30,0.001,30,TRUE
21,0.899434976,binary,auc,0.05,20,60,0.3,0.7,1,-1,50,5,3,30,0.001,30,TRUE
22,0.899298512,binary,auc,0.05,20,60,0.7,0.7,5,-1,50,5,1.33,30,0.1,30,TRUE
23,0.899278016,binary,auc,0.05,20,60,0.7,0.7,5,-1,50,0,3,30,0.001,30,TRUE
24,0.899274712,binary,auc,0.05,20,60,0.7,0.7,5,-1,50,5,1.33,30,0.001,30,TRUE
25,0.899259973,binary,auc,0.05,20,60,0.3,0.5,5,-1,50,5,3,30,0.1,30,TRUE
26,0.899256371,binary,auc,0.05,20,60,0.7,0.7,5,-1,50,0,3,30,0.1,30,TRUE
27,0.899249603,binary,auc,0.05,20,60,0.7,0.7,5,-1,50,0,1.33,30,0.1,30,TRUE
28,0.899242902,binary,auc,0.05,20,60,0.7,0.7,5,-1,50,0,1.33,30,0.001,30,TRUE
29,0.899233138,binary,auc,0.05,20,1,0.7,0.7,1,-1,50,5,3,30,0.1,30,TRUE
30,0.899225145,binary,auc,0.05,20,60,0.3,0.7,1,-1,50,0,0,30,0.001,30,TRUE
31,0.899171796,binary,auc,0.05,20,60,0.7,0.7,5,-1,50,0,0,30,0.001,30,TRUE
32,0.899070202,binary,auc,0.05,20,60,0.3,0.7,1,-1,50,0,3,30,0.001,30,TRUE
33,0.898892275,binary,auc,0.05,20,1,0.7,0.7,1,-1,50,0,3,30,0.001,30,TRUE
34,0.898891926,binary,auc,0.05,20,60,0.3,0.5,5,-1,50,5,3,30,0.001,30,TRUE
35,0.898853175,binary,auc,0.05,20,1,0.7,0.7,1,-1,50,5,3,30,0.001,30,TRUE
36,0.89875909,binary,auc,0.05,20,60,0.3,0.7,1,-1,50,0,0,30,0.1,30,TRUE
37,0.898752839,binary,auc,0.05,20,60,0.3,0.7,1,-1,50,5,1.33,30,0.1,30,TRUE
38,0.898745815,binary,auc,0.05,20,1,0.7,0.7,1,-1,50,0,3,30,0.1,30,TRUE
39,0.898697216,binary,auc,0.05,20,60,0.3,0.7,1,-1,50,0,3,30,0.1,30,TRUE
40,0.898510604,binary,auc,0.05,20,1,0.7,0.7,1,-1,50,0,1.33,30,0.001,30,TRUE
41,0.898461397,binary,auc,0.05,20,60,0.3,0.7,5,-1,50,0,1.33,30,0.001,30,TRUE
42,0.898456291,binary,auc,0.05,20,60,0.3,0.7,1,-1,50,5,1.33,30,0.001,30,TRUE
43,0.898363881,binary,auc,0.05,20,5,0.7,0.5,1,-1,50,0,1.33,30,0.1,30,TRUE
44,0.898349729,binary,auc,0.05,20,1,0.7,0.7,1,-1,50,5,1.33,30,0.001,30,TRUE
45,0.89834269,binary,auc,0.05,20,60,0.3,0.7,5,-1,50,0,1.33,30,0.1,30,TRUE
46,0.898333387,binary,auc,0.05,20,60,0.3,0.7,1,-1,50,5,0,30,0.1,30,TRUE
47,0.898281861,binary,auc,0.05,20,1,0.7,0.7,1,-1,50,0,1.33,30,0.1,30,TRUE
48,0.898226906,binary,auc,0.05,20,60,0.3,0.7,5,-1,50,5,3,30,0.001,30,TRUE
49,0.898224083,binary,auc,0.05,20,60,0.7,0.5,1,-1,50,5,1.33,30,0.1,30,TRUE
50,0.898168761,binary,auc,0.05,20,1,0.7,0.7,1,-1,50,5,1.33,30,0.1,30,TRUE
51,0.898167958,binary,auc,0.05,20,60,0.3,0.7,1,-1,50,5,0,30,0.001,30,TRUE
52,0.898131006,binary,auc,0.05,20,60,0.3,0.7,5,-1,50,0,0,30,0.1,30,TRUE
53,0.898119159,binary,auc,0.05,20,60,0.3,0.7,5,-1,50,0,0,30,0.001,30,TRUE
54,0.898112701,binary,auc,0.05,20,60,0.3,0.5,5,-1,50,0,3,30,0.1,30,TRUE
55,0.898081689,binary,auc,0.05,20,60,0.3,0.7,5,-1,50,5,1.33,30,0.001,30,TRUE
56,0.898077706,binary,auc,0.05,20,60,0.3,0.5,1,-1,50,0,3,30,0.001,30,TRUE
57,0.898074855,binary,auc,0.05,20,60,0.7,0.5,5,-1,50,5,3,30,0.1,30,TRUE
58,0.898067075,binary,auc,0.05,20,5,0.7,0.7,1,-1,50,5,1.33,30,0.001,30,TRUE
59,0.898064666,binary,auc,0.05,20,60,0.3,0.7,5,-1,50,5,3,30,0.1,30,TRUE
60,0.898056551,binary,auc,0.05,20,60,0.3,0.7,5,-1,50,5,1.33,30,0.1,30,TRUE
61,0.89805522,binary,auc,0.05,20,5,0.7,0.5,1,-1,50,0,1.33,30,0.001,30,TRUE
62,0.897956261,binary,auc,0.05,20,60,0.3,0.5,5,-1,50,0,3,30,0.001,30,TRUE
63,0.897953239,binary,auc,0.05,20,60,0.3,0.5,1,-1,50,0,3,30,0.1,30,TRUE
64,0.897891452,binary,auc,0.05,20,60,0.3,0.7,5,-1,50,5,0,30,0.1,30,TRUE
65,0.897851299,binary,auc,0.05,20,5,0.7,0.5,1,-1,50,5,3,30,0.1,30,TRUE
66,0.897822174,binary,auc,0.05,20,60,0.3,0.7,5,-1,50,5,0,30,0.001,30,TRUE
67,0.8978216,binary,auc,0.05,20,5,0.7,0.7,5,-1,50,0,3,30,0.001,30,TRUE
68,0.897819108,binary,auc,0.05,20,60,0.7,0.5,1,-1,50,0,0,30,0.1,30,TRUE
69,0.897813296,binary,auc,0.05,20,5,0.7,0.5,1,-1,50,5,3,30,0.001,30,TRUE
70,0.897802284,binary,auc,0.05,20,60,0.3,0.7,5,-1,50,0,3,30,0.1,30,TRUE
71,0.897717615,binary,auc,0.05,20,60,0.3,0.7,5,-1,50,0,3,30,0.001,30,TRUE
72,0.897716414,binary,auc,0.05,20,5,0.7,0.7,5,-1,50,5,1.33,30,0.001,30,TRUE
73,0.897715106,binary,auc,0.05,20,5,0.7,0.7,5,-1,50,5,1.33,30,0.1,30,TRUE
74,0.897695438,binary,auc,0.05,20,60,0.7,0.5,5,-1,50,0,3,30,0.1,30,TRUE
75,0.897680616,binary,auc,0.05,20,60,0.7,0.5,5,-1,50,0,3,30,0.001,30,TRUE
76,0.897619668,binary,auc,0.05,20,60,0.7,0.5,5,-1,50,5,1.33,30,0.001,30,TRUE
77,0.89755932,binary,auc,0.05,20,60,0.3,0.5,1,-1,50,5,3,30,0.001,30,TRUE
78,0.897541733,binary,auc,0.05,20,5,0.7,0.7,1,-1,50,5,1.33,30,0.1,30,TRUE
79,0.897463226,binary,auc,0.05,20,60,0.7,0.5,5,-1,50,0,1.33,30,0.1,30,TRUE
80,0.897423463,binary,auc,0.05,20,60,0.7,0.5,1,-1,50,5,3,30,0.001,30,TRUE
81,0.897402059,binary,auc,0.05,20,60,0.7,0.5,1,-1,50,0,1.33,30,0.1,30,TRUE
82,0.897385966,binary,auc,0.05,20,60,0.7,0.5,5,-1,50,5,3,30,0.001,30,TRUE
83,0.897366775,binary,auc,0.05,20,60,0.7,0.5,5,-1,50,5,1.33,30,0.1,30,TRUE
84,0.897356023,binary,auc,0.05,20,5,0.7,0.7,1,-1,50,0,3,30,0.001,30,TRUE
85,0.897323963,binary,auc,0.05,20,1,0.7,0.7,5,-1,50,0,1.33,30,0.001,30,TRUE
86,0.897314854,binary,auc,0.05,20,60,0.7,0.5,5,-1,50,0,1.33,30,0.001,30,TRUE
87,0.897309038,binary,auc,0.05,20,60,0.3,0.5,1,-1,50,5,3,30,0.1,30,TRUE
88,0.897300339,binary,auc,0.05,20,5,0.7,0.7,5,-1,50,0,1.33,30,0.1,30,TRUE
89,0.897298892,binary,auc,0.05,20,60,0.7,0.5,1,-1,50,5,1.33,30,0.001,30,TRUE
90,0.897290638,binary,auc,0.05,20,5,0.7,0.7,5,-1,50,5,3,30,0.001,30,TRUE
91,0.897283768,binary,auc,0.05,20,60,0.7,0.5,5,-1,50,0,0,30,0.001,30,TRUE
92,0.89727996,binary,auc,0.05,20,60,0.7,0.5,5,-1,50,0,0,30,0.1,30,TRUE
93,0.897248917,binary,auc,0.05,20,60,0.7,0.5,1,-1,50,0,0,30,0.001,30,TRUE
94,0.897191301,binary,auc,0.05,20,60,0.3,0.5,1,-1,50,5,0,30,0.001,30,TRUE
95,0.89717078,binary,auc,0.05,20,5,0.7,0.7,5,-1,50,0,1.33,30,0.001,30,TRUE
96,0.89715408,binary,auc,0.05,20,60,0.3,0.5,1,-1,50,5,0,30,0.1,30,TRUE
97,0.897146584,binary,auc,0.05,20,5,0.7,0.7,1,-1,50,0,1.33,30,0.1,30,TRUE
98,0.897114618,binary,auc,0.05,20,1,0.7,0.7,5,-1,50,0,1.33,30,0.1,30,TRUE
99,0.897091995,binary,auc,0.05,20,1,0.7,0.7,5,-1,50,5,1.33,30,0.001,30,TRUE
100,0.897088175,binary,auc,0.05,20,5,0.7,0.7,5,-1,50,0,3,30,0.1,30,TRUE
101,0.897038236,binary,auc,0.05,20,60,0.7,0.5,1,-1,50,5,0,30,0.001,30,TRUE
102,0.897016979,binary,auc,0.05,20,60,0.3,0.5,1,-1,50,5,1.33,30,0.1,30,TRUE
103,0.897008556,binary,auc,0.05,20,5,0.7,0.7,1,-1,50,0,3,30,0.1,30,TRUE
104,0.897001806,binary,auc,0.05,20,60,0.7,0.5,1,-1,50,0,3,30,0.001,30,TRUE
105,0.896949581,binary,auc,0.05,20,60,0.3,0.5,5,-1,50,0,0,30,0.1,30,TRUE
106,0.896939924,binary,auc,0.05,20,5,0.7,0.7,5,-1,50,5,3,30,0.1,30,TRUE
107,0.896929884,binary,auc,0.05,20,60,0.7,0.5,1,-1,50,0,1.33,30,0.001,30,TRUE
108,0.896914916,binary,auc,0.05,20,60,0.7,0.5,1,-1,50,5,0,30,0.1,30,TRUE
109,0.896906642,binary,auc,0.05,20,5,0.7,0.7,1,-1,50,0,1.33,30,0.001,30,TRUE
110,0.896887942,binary,auc,0.05,20,1,0.7,0.7,5,-1,50,5,3,30,0.001,30,TRUE
111,0.896868304,binary,auc,0.05,20,60,0.3,0.5,1,-1,50,0,0,30,0.001,30,TRUE
112,0.896836651,binary,auc,0.05,20,60,0.3,0.5,5,-1,50,5,1.33,30,0.1,30,TRUE
113,0.896822551,binary,auc,0.05,20,1,0.7,0.7,5,-1,50,5,1.33,30,0.1,30,TRUE
114,0.896812915,binary,auc,0.05,20,60,0.3,0.5,5,-1,50,5,1.33,30,0.001,30,TRUE
115,0.896802279,binary,auc,0.05,20,5,0.7,0.5,1,-1,50,0,3,30,0.1,30,TRUE
116,0.896768938,binary,auc,0.05,20,60,0.7,0.5,1,-1,50,5,3,30,0.1,30,TRUE
117,0.896765596,binary,auc,0.05,20,60,0.3,0.5,1,-1,50,0,0,30,0.1,30,TRUE
118,0.896753061,binary,auc,0.05,20,1,0.7,0.5,5,-1,50,5,3,30,0.001,30,TRUE
119,0.896740587,binary,auc,0.05,20,60,0.3,0.5,5,-1,50,0,0,30,0.001,30,TRUE
120,0.896687895,binary,auc,0.05,20,60,0.3,0.5,1,-1,50,5,1.33,30,0.001,30,TRUE
121,0.896652225,binary,auc,0.05,20,1,0.7,0.5,1,-1,50,0,1.33,30,0.001,30,TRUE
122,0.896612554,binary,auc,0.05,20,1,0.7,0.5,1,-1,50,0,1.33,30,0.1,30,TRUE
123,0.896594056,binary,auc,0.05,20,5,0.7,0.7,1,-1,50,5,3,30,0.1,30,TRUE
124,0.896574029,binary,auc,0.05,20,5,0.7,0.5,5,-1,50,0,1.33,30,0.1,30,TRUE
125,0.8965569,binary,auc,0.05,20,5,0.7,0.5,1,-1,50,0,3,30,0.001,30,TRUE
126,0.896555495,binary,auc,0.05,20,1,0.7,0.7,5,-1,50,5,3,30,0.1,30,TRUE
127,0.896512148,binary,auc,0.05,20,1,0.7,0.7,5,-1,50,0,3,30,0.001,30,TRUE
128,0.896491016,binary,auc,0.05,20,5,0.7,0.5,5,-1,50,0,1.33,30,0.001,30,TRUE
129,0.89645989,binary,auc,0.05,20,60,0.3,0.5,1,-1,50,0,1.33,30,0.1,30,TRUE
130,0.896449287,binary,auc,0.05,20,5,0.7,0.7,1,-1,50,5,0,30,0.001,30,TRUE
131,0.896429327,binary,auc,0.05,20,1,0.7,0.7,5,-1,50,5,0,30,0.001,30,TRUE
132,0.896417167,binary,auc,0.05,20,60,0.3,0.5,1,-1,50,0,1.33,30,0.001,30,TRUE
133,0.896398618,binary,auc,0.05,20,1,0.7,0.7,5,-1,50,0,3,30,0.1,30,TRUE
134,0.896381472,binary,auc,0.05,20,1,0.7,0.7,5,-1,50,5,0,30,0.1,30,TRUE
135,0.896365049,binary,auc,0.05,20,5,0.3,0.7,5,-1,50,5,3,30,0.1,30,TRUE
136,0.896347113,binary,auc,0.05,20,60,0.3,0.5,5,-1,50,0,1.33,30,0.001,30,TRUE
137,0.896328137,binary,auc,0.05,20,60,0.7,0.5,1,-1,50,0,3,30,0.1,30,TRUE
138,0.896296995,binary,auc,0.05,20,5,0.7,0.7,1,-1,50,5,0,30,0.1,30,TRUE
139,0.896294544,binary,auc,0.05,20,60,0.3,0.5,5,-1,50,5,0,30,0.001,30,TRUE
140,0.896268389,binary,auc,0.05,20,5,0.7,0.7,1,-1,50,5,3,30,0.001,30,TRUE
141,0.896210007,binary,auc,0.05,20,60,0.3,0.5,5,-1,50,5,0,30,0.1,30,TRUE
142,0.89620966,binary,auc,0.05,20,1,0.7,0.5,5,-1,50,5,1.33,30,0.1,30,TRUE
143,0.896175114,binary,auc,0.05,20,1,0.7,0.5,5,-1,50,5,1.33,30,0.001,30,TRUE
144,0.896013014,binary,auc,0.05,20,5,0.3,0.7,5,-1,50,5,3,30,0.001,30,TRUE
145,0.895994671,binary,auc,0.05,20,5,0.3,0.7,5,-1,50,0,3,30,0.001,30,TRUE
146,0.895955863,binary,auc,0.05,20,5,0.3,0.7,5,-1,50,0,3,30,0.1,30,TRUE
147,0.895955341,binary,auc,0.05,20,5,0.7,0.5,5,-1,50,5,1.33,30,0.001,30,TRUE
148,0.895942661,binary,auc,0.05,20,60,0.3,0.5,5,-1,50,0,1.33,30,0.1,30,TRUE
149,0.895897064,binary,auc,0.05,20,5,0.7,0.5,5,-1,50,5,1.33,30,0.1,30,TRUE
150,0.895880548,binary,auc,0.05,20,5,0.7,0.5,1,-1,50,5,1.33,30,0.1,30,TRUE
151,0.895793347,binary,auc,0.05,20,5,0.7,0.7,1,-1,50,0,0,30,0.1,30,TRUE
152,0.89576525,binary,auc,0.05,20,1,0.7,0.5,1,-1,50,5,1.33,30,0.1,30,TRUE
153,0.895697735,binary,auc,0.05,20,1,0.3,0.7,5,-1,50,5,3,30,0.001,30,TRUE
154,0.895690032,binary,auc,0.05,20,1,0.7,0.5,5,-1,50,5,3,30,0.1,30,TRUE
155,0.895630844,binary,auc,0.05,20,60,0.7,0.5,5,-1,50,5,0,30,0.1,30,TRUE
156,0.895621113,binary,auc,0.05,20,1,0.3,0.7,5,-1,50,5,3,30,0.1,30,TRUE
157,0.895561179,binary,auc,0.05,20,5,0.7,0.5,1,-1,50,5,1.33,30,0.001,30,TRUE
158,0.895532365,binary,auc,0.05,20,5,0.3,0.7,1,-1,50,0,3,30,0.1,30,TRUE
159,0.895477116,binary,auc,0.05,20,5,0.3,0.7,1,-1,50,0,3,30,0.001,30,TRUE
160,0.895468353,binary,auc,0.05,20,5,0.7,0.5,5,-1,50,5,3,30,0.1,30,TRUE
161,0.895422199,binary,auc,0.05,20,5,0.3,0.7,1,-1,50,5,3,30,0.1,30,TRUE
162,0.895378588,binary,auc,0.05,20,1,0.7,0.5,1,-1,50,5,1.33,30,0.001,30,TRUE
163,0.89537093,binary,auc,0.05,20,5,0.7,0.5,5,-1,50,0,3,30,0.1,30,TRUE
164,0.895351963,binary,auc,0.05,20,1,0.7,0.5,1,-1,50,5,3,30,0.001,30,TRUE
165,0.895284057,binary,auc,0.05,20,5,0.7,0.5,5,-1,50,5,3,30,0.001,30,TRUE
166,0.895279493,binary,auc,0.05,20,1,0.7,0.7,1,-1,50,5,0,30,0.001,30,TRUE
167,0.895196035,binary,auc,0.05,20,1,0.7,0.7,1,-1,50,5,0,30,0.1,30,TRUE
168,0.895155325,binary,auc,0.05,20,5,0.3,0.7,1,-1,50,5,3,30,0.001,30,TRUE
169,0.895130825,binary,auc,0.05,20,60,0.7,0.5,5,-1,50,5,0,30,0.001,30,TRUE
170,0.895120301,binary,auc,0.05,20,5,0.7,0.5,5,-1,50,0,3,30,0.001,30,TRUE
171,0.895096428,binary,auc,0.05,20,1,0.7,0.5,5,-1,50,0,1.33,30,0.1,30,TRUE
172,0.895066779,binary,auc,0.05,20,1,0.3,0.7,5,-1,50,0,3,30,0.1,30,TRUE
173,0.895023005,binary,auc,0.05,20,5,0.7,0.7,5,-1,50,0,0,30,0.1,30,TRUE
174,0.895019619,binary,auc,0.05,20,5,0.7,0.7,1,-1,50,0,0,30,0.001,30,TRUE
175,0.894989016,binary,auc,0.05,20,1,0.7,0.5,1,-1,50,5,3,30,0.1,30,TRUE
176,0.894986411,binary,auc,0.05,20,1,0.7,0.7,1,-1,50,0,0,30,0.001,30,TRUE
177,0.894962043,binary,auc,0.05,20,5,0.7,0.7,5,-1,50,0,0,30,0.001,30,TRUE
178,0.894957673,binary,auc,0.05,20,5,0.3,0.7,1,-1,50,5,1.33,30,0.001,30,TRUE
179,0.894930535,binary,auc,0.05,20,1,0.3,0.7,1,-1,50,0,1.33,30,0.001,30,TRUE
180,0.8949171,binary,auc,0.05,20,1,0.7,0.5,1,-1,50,0,3,30,0.1,30,TRUE
181,0.894908041,binary,auc,0.05,20,1,0.3,0.7,1,-1,50,5,1.33,30,0.001,30,TRUE
182,0.894869641,binary,auc,0.05,20,5,0.3,0.7,1,-1,50,5,1.33,30,0.1,30,TRUE
183,0.89486568,binary,auc,0.05,20,5,0.3,0.7,5,-1,50,5,1.33,30,0.1,30,TRUE
184,0.894810968,binary,auc,0.05,20,1,0.3,0.7,5,-1,50,0,3,30,0.001,30,TRUE
185,0.894806021,binary,auc,0.05,20,1,0.7,0.7,1,-1,50,0,0,30,0.1,30,TRUE
186,0.894766625,binary,auc,0.05,20,1,0.3,0.7,1,-1,50,0,1.33,30,0.1,30,TRUE
187,0.894764872,binary,auc,0.05,20,1,0.7,0.5,5,-1,50,0,1.33,30,0.001,30,TRUE
188,0.894753637,binary,auc,0.05,20,1,0.3,0.7,1,-1,50,0,3,30,0.001,30,TRUE
189,0.894733431,binary,auc,0.05,20,1,0.3,0.7,1,-1,50,0,3,30,0.1,30,TRUE
190,0.894711741,binary,auc,0.05,20,5,0.3,0.5,5,-1,50,0,1.33,30,0.1,30,TRUE
191,0.894701659,binary,auc,0.05,20,1,0.7,0.7,5,-1,50,0,0,30,0.001,30,TRUE
192,0.894647981,binary,auc,0.05,20,1,0.7,0.5,1,-1,50,0,3,30,0.001,30,TRUE
193,0.89461555,binary,auc,0.05,20,1,0.7,0.5,5,-1,50,0,3,30,0.1,30,TRUE
194,0.894594722,binary,auc,0.05,20,1,0.7,0.7,5,-1,50,0,0,30,0.1,30,TRUE
195,0.894561456,binary,auc,0.05,20,1,0.3,0.7,5,-1,50,5,1.33,30,0.1,30,TRUE
196,0.894558886,binary,auc,0.05,20,5,0.3,0.5,1,-1,50,0,3,30,0.1,30,TRUE
197,0.894542416,binary,auc,0.05,20,1,0.7,0.5,5,-1,50,0,3,30,0.001,30,TRUE
198,0.894537458,binary,auc,0.05,20,1,0.3,0.7,1,-1,50,5,1.33,30,0.1,30,TRUE
199,0.894523991,binary,auc,0.05,20,1,0.3,0.7,5,-1,50,5,1.33,30,0.001,30,TRUE
200,0.894456854,binary,auc,0.05,20,5,0.7,0.5,1,-1,50,0,0,30,0.001,30,TRUE
201,0.894413283,binary,auc,0.05,20,1,0.3,0.7,1,-1,50,5,3,30,0.1,30,TRUE
202,0.894407514,binary,auc,0.05,20,5,0.7,0.5,5,-1,50,5,0,30,0.001,30,TRUE
203,0.89439618,binary,auc,0.05,20,5,0.7,0.5,1,-1,50,0,0,30,0.1,30,TRUE
204,0.894391442,binary,auc,0.05,20,5,0.3,0.5,5,-1,50,5,1.33,30,0.001,30,TRUE
205,0.894372454,binary,auc,0.05,20,5,0.7,0.7,5,-1,50,5,0,30,0.001,30,TRUE
206,0.89436406,binary,auc,0.05,20,5,0.7,0.7,5,-1,50,5,0,30,0.1,30,TRUE
207,0.894361118,binary,auc,0.05,20,1,0.3,0.7,1,-1,50,5,3,30,0.001,30,TRUE
208,0.894329679,binary,auc,0.05,20,5,0.7,0.5,5,-1,50,5,0,30,0.1,30,TRUE
209,0.894260587,binary,auc,0.05,20,5,0.7,0.5,1,-1,50,5,0,30,0.001,30,TRUE
210,0.894147248,binary,auc,0.05,20,5,0.3,0.5,1,-1,50,5,1.33,30,0.001,30,TRUE
211,0.894128651,binary,auc,0.05,20,5,0.3,0.5,5,-1,50,5,1.33,30,0.1,30,TRUE
212,0.894060671,binary,auc,0.05,20,5,0.3,0.7,1,-1,50,0,0,30,0.1,30,TRUE
213,0.894029628,binary,auc,0.05,20,5,0.3,0.7,5,-1,50,5,1.33,30,0.001,30,TRUE
214,0.893999466,binary,auc,0.05,20,5,0.3,0.7,1,-1,50,0,1.33,30,0.001,30,TRUE
215,0.893967853,binary,auc,0.05,20,5,0.3,0.5,1,-1,50,5,1.33,30,0.1,30,TRUE
216,0.89395317,binary,auc,0.05,20,5,0.7,0.5,1,-1,50,5,0,30,0.1,30,TRUE
217,0.893937938,binary,auc,0.05,20,5,0.3,0.5,1,-1,50,5,3,30,0.001,30,TRUE
218,0.893935165,binary,auc,0.05,20,5,0.3,0.5,1,-1,50,5,3,30,0.1,30,TRUE
219,0.89392523,binary,auc,0.05,20,5,0.3,0.7,1,-1,50,5,0,30,0.001,30,TRUE
220,0.893915377,binary,auc,0.05,20,5,0.3,0.7,1,-1,50,5,0,30,0.1,30,TRUE
221,0.893903698,binary,auc,0.05,20,5,0.3,0.7,5,-1,50,0,1.33,30,0.001,30,TRUE
222,0.89389079,binary,auc,0.05,20,5,0.3,0.5,1,-1,50,0,3,30,0.001,30,TRUE
223,0.893875916,binary,auc,0.05,20,1,0.3,0.7,5,-1,50,5,0,30,0.1,30,TRUE
224,0.893829158,binary,auc,0.05,20,1,0.3,0.7,5,-1,50,5,0,30,0.001,30,TRUE
225,0.89370743,binary,auc,0.05,20,5,0.3,0.5,5,-1,50,0,1.33,30,0.001,30,TRUE
226,0.893702843,binary,auc,0.05,20,5,0.3,0.7,1,-1,50,0,1.33,30,0.1,30,TRUE
227,0.893650476,binary,auc,0.05,20,5,0.3,0.5,1,-1,50,0,1.33,30,0.001,30,TRUE
228,0.893635016,binary,auc,0.05,20,1,0.3,0.5,5,-1,50,5,3,30,0.1,30,TRUE
229,0.89353098,binary,auc,0.05,20,5,0.3,0.5,5,-1,50,5,3,30,0.1,30,TRUE
230,0.893500594,binary,auc,0.05,20,5,0.3,0.7,1,-1,50,0,0,30,0.001,30,TRUE
231,0.893443414,binary,auc,0.05,20,1,0.7,0.5,1,-1,50,5,0,30,0.001,30,TRUE
232,0.893411439,binary,auc,0.05,20,5,0.3,0.5,5,-1,50,5,3,30,0.001,30,TRUE
233,0.893411271,binary,auc,0.05,20,5,0.3,0.7,5,-1,50,5,0,30,0.001,30,TRUE
234,0.893387753,binary,auc,0.05,20,1,0.7,0.5,1,-1,50,5,0,30,0.1,30,TRUE
235,0.893372984,binary,auc,0.05,20,5,0.3,0.7,5,-1,50,5,0,30,0.1,30,TRUE
236,0.8933589,binary,auc,0.05,20,1,0.7,0.5,5,-1,50,5,0,30,0.001,30,TRUE
237,0.893321619,binary,auc,0.05,20,1,0.3,0.7,5,-1,50,0,0,30,0.001,30,TRUE
238,0.893299189,binary,auc,0.05,20,1,0.7,0.5,5,-1,50,0,0,30,0.1,30,TRUE
239,0.893280426,binary,auc,0.05,20,1,0.3,0.7,5,-1,50,0,1.33,30,0.001,30,TRUE
240,0.893265965,binary,auc,0.05,20,5,0.3,0.5,1,-1,50,0,1.33,30,0.1,30,TRUE
241,0.893232608,binary,auc,0.05,20,1,0.7,0.5,1,-1,50,0,0,30,0.001,30,TRUE
242,0.893171454,binary,auc,0.05,20,1,0.3,0.7,5,-1,50,0,1.33,30,0.1,30,TRUE
243,0.893092754,binary,auc,0.05,20,1,0.3,0.7,5,-1,50,0,0,30,0.1,30,TRUE
244,0.893050101,binary,auc,0.05,20,5,0.3,0.7,5,-1,50,0,1.33,30,0.1,30,TRUE
245,0.893035899,binary,auc,0.05,20,1,0.7,0.5,5,-1,50,5,0,30,0.1,30,TRUE
246,0.89292596,binary,auc,0.05,20,1,0.3,0.5,5,-1,50,5,1.33,30,0.001,30,TRUE
247,0.892730732,binary,auc,0.05,20,5,0.3,0.7,5,-1,50,0,0,30,0.1,30,TRUE
248,0.892661281,binary,auc,0.05,20,1,0.3,0.7,1,-1,50,0,0,30,0.001,30,TRUE
249,0.892643604,binary,auc,0.05,20,1,0.3,0.5,5,-1,50,5,1.33,30,0.1,30,TRUE
250,0.892634573,binary,auc,0.05,20,1,0.3,0.5,1,-1,50,5,3,30,0.001,30,TRUE
251,0.892610007,binary,auc,0.05,20,1,0.3,0.5,5,-1,50,5,3,30,0.001,30,TRUE
252,0.892607237,binary,auc,0.05,20,1,0.7,0.5,5,-1,50,0,0,30,0.001,30,TRUE
253,0.892592521,binary,auc,0.05,20,1,0.3,0.5,1,-1,50,5,3,30,0.1,30,TRUE
254,0.89251263,binary,auc,0.05,20,1,0.3,0.7,1,-1,50,5,0,30,0.001,30,TRUE
255,0.892479029,binary,auc,0.05,20,1,0.3,0.5,1,-1,50,5,1.33,30,0.001,30,TRUE
256,0.892476309,binary,auc,0.05,20,1,0.3,0.5,1,-1,50,5,1.33,30,0.1,30,TRUE
257,0.892470101,binary,auc,0.05,20,1,0.3,0.5,1,-1,50,0,3,30,0.1,30,TRUE
258,0.892407101,binary,auc,0.05,20,5,0.3,0.5,5,-1,50,0,3,30,0.1,30,TRUE
259,0.892402516,binary,auc,0.05,20,5,0.3,0.5,5,-1,50,0,3,30,0.001,30,TRUE
260,0.892364613,binary,auc,0.05,20,1,0.3,0.5,1,-1,50,0,3,30,0.001,30,TRUE
261,0.892337496,binary,auc,0.05,20,1,0.3,0.7,1,-1,50,5,0,30,0.1,30,TRUE
262,0.8922898,binary,auc,0.05,20,1,0.3,0.7,1,-1,50,0,0,30,0.1,30,TRUE
263,0.892206445,binary,auc,0.05,20,5,0.7,0.5,5,-1,50,0,0,30,0.1,30,TRUE
264,0.892003954,binary,auc,0.05,20,5,0.7,0.5,5,-1,50,0,0,30,0.001,30,TRUE
265,0.891996053,binary,auc,0.05,20,1,0.7,0.5,1,-1,50,0,0,30,0.1,30,TRUE
266,0.891969806,binary,auc,0.05,20,5,0.3,0.7,5,-1,50,0,0,30,0.001,30,TRUE
267,0.891755343,binary,auc,0.05,20,1,0.3,0.5,5,-1,50,0,3,30,0.1,30,TRUE
268,0.891603843,binary,auc,0.05,20,1,0.3,0.5,5,-1,50,0,3,30,0.001,30,TRUE
269,0.891548075,binary,auc,0.05,20,1,0.3,0.5,5,-1,50,5,0,30,0.001,30,TRUE
270,0.891323962,binary,auc,0.05,20,1,0.3,0.5,5,-1,50,5,0,30,0.1,30,TRUE
271,0.891271026,binary,auc,0.05,20,5,0.3,0.5,5,-1,50,5,0,30,0.001,30,TRUE
272,0.891149975,binary,auc,0.05,20,1,0.3,0.5,1,-1,50,0,1.33,30,0.001,30,TRUE
273,0.891059295,binary,auc,0.05,20,5,0.3,0.5,5,-1,50,5,0,30,0.1,30,TRUE
274,0.891054072,binary,auc,0.05,20,1,0.3,0.5,1,-1,50,0,1.33,30,0.1,30,TRUE
275,0.890523583,binary,auc,0.05,20,1,0.3,0.5,5,-1,50,0,0,30,0.001,30,TRUE
276,0.890358837,binary,auc,0.05,20,1,0.3,0.5,5,-1,50,0,1.33,30,0.001,30,TRUE
277,0.890355173,binary,auc,0.05,20,1,0.3,0.5,1,-1,50,5,0,30,0.001,30,TRUE
278,0.890277485,binary,auc,0.05,20,5,0.3,0.5,1,-1,50,5,0,30,0.001,30,TRUE
279,0.89024401,binary,auc,0.05,20,1,0.3,0.5,5,-1,50,0,0,30,0.1,30,TRUE
280,0.890193173,binary,auc,0.05,20,1,0.3,0.5,1,-1,50,5,0,30,0.1,30,TRUE
281,0.890128261,binary,auc,0.05,20,1,0.3,0.5,5,-1,50,0,1.33,30,0.1,30,TRUE
282,0.890032478,binary,auc,0.05,20,5,0.3,0.5,1,-1,50,5,0,30,0.1,30,TRUE
283,0.88994839,binary,auc,0.05,20,5,0.3,0.5,5,-1,50,0,0,30,0.1,30,TRUE
284,0.889721031,binary,auc,0.05,20,5,0.3,0.5,5,-1,50,0,0,30,0.001,30,TRUE
285,0.889471031,binary,auc,0.05,20,5,0.3,0.5,1,-1,50,0,0,30,0.1,30,TRUE
286,0.889456512,binary,auc,0.05,20,5,0.3,0.5,1,-1,50,0,0,30,0.001,30,TRUE
287,0.888893793,binary,auc,0.05,20,1,0.3,0.5,1,-1,50,0,0,30,0.001,30,TRUE
288,0.888736207,binary,auc,0.05,20,1,0.3,0.5,1,-1,50,0,0,30,0.1,30,TRUE